trail_id,name,location,gps_coordinates,start_point,end_point,distance,elevation_gain,difficulty_level,estimated_time,trail_type,admin_notes,approval_status,date_submitted,user_notes,reviewed_by_id,submitted_by_id
1,Kartikey Sachdeva,3154124,24124,13412421,3254322,23.0,4.0,Beginner,30,Out & Back,,Pending,2025-05-22 06:33:44.119763,,,
5,Ismail mohammed,31541241341242412,24124,324324,3254322,324.0,2334.0,Beginner,423321,Loop,,Pending,2025-05-22 10:12:30.527784,,,1
6,Desert,342134214813249112,56363,6747664,86477,43565.0,67475.0,Intermediate,4431,Loop,,Pending,2025-05-22 10:14:29.714002,,,1
7,Urvesh Patel,6756765,65754,65747,647575,54675.0,45676666666.0,Intermediate,467,Out & Back,,Pending,2025-05-22 10:17:19.333466,,,
8,Forest,234152521342451333,1324124,132421,12341324,5234.0,234532.0,Beginner,232,Point to Point,,Pending,2025-05-22 10:18:24.265792,,,1
9,River,953324864522,24566626364,35634563563,54645645,46436456.0,3563565.0,Intermediate,3456,Out & Back,,Pending,2025-05-22 10:19:16.844269,,,
10,Random,481237481274-9127-,341241241,1234124,6757,73465.0,675.0,Intermediate,3475753,Loop,,Pending,2025-05-22 10:23:47.663660,,,2
11,fhoqwhfoiwe,93740712071027-32,1234243949,123423421,8748486,887484568.0,64884.0,Beginner,589859,Point to Point,,Pending,2025-05-22 10:24:24.620161,,,2
